AddressID,Address,BatchID
50,"24 Pulaski Place, Hackensack, NJ, 07601",2
51,"240 First Street, Hackensack, NJ, 07601",2
52,"240 Prospect Avenue, Hackensack, NJ, 07601",2
53,"244 First Street, Hackensack, NJ, 07601",2
54,"250 Main Street, Hackensack, NJ, 07601",2
55,"259 Park Street, Hackensack, NJ, 07601",2
56,"260 Prospect Avenue, Hackensack, NJ, 07601",2
57,"260 Union Street, Hackensack, NJ, 07601",2
58,"274 Main Street, Hackensack, NJ, 07601",2
59,"274 State Street, Hackensack, NJ, 07601",2
60,"275 Beech Street, Hackensack, NJ, 07601",2
61,"28 Summit Avenue, Hackensack, NJ, 07601",2
62,"280 Kipp Street, Hackensack, NJ, 07601",2
63,"282 American Legion Drive, Hackensack, NJ, 07601",2
64,"283 Summit Avenue, Hackensack, NJ, 07601",2
65,"286 Lodi Street, Hackensack, NJ, 07601",2
66,"292 The Esplanade, Hackensack, NJ, 07601",2
67,"296 Berry Street, Hackensack, NJ, 07601",2
68,"30 Prospect Avenue, Hackensack, NJ, 07601",2
69,"30 Second Street, Hackensack, NJ, 07601",2
70,"307 Maple Hill Drive, Hackensack, NJ, 07601",2
71,"309 Lookout Avenue, Hackensack, NJ, 07601",2
72,"310 Lookout Avenue, Hackensack, NJ, 07601",2
73,"325 Union Street, Hackensack, NJ, 07601",2
74,"326 Prospect Avenue, Hackensack, NJ, 07601",2
75,"33 East Broadway, Hackensack, NJ, 07601",2
76,"33 Henry Place, Hackensack, NJ, 07601",2
77,"33 Oak Street, Hackensack, NJ, 07601",2
78,"33 Ross Avenue, Hackensack, NJ, 07601",2
79,"336 Main Street, Hackensack, NJ, 07601",2
80,"343 Park Street, Hackensack, NJ, 07601",2
81,"35 Pangborn Place, Hackensack, NJ, 07601",2
82,"355 West Pleasantview Avenue , Hackensack, NJ, 07601",2
83,"360 Union Street, Hackensack, NJ, 07601",2
84,"38 Moonachie Road, Hackensack, NJ, 07601",2
85,"39 Union Street, Hackensack, NJ, 07601",2
86,"395 South River Street, Hackensack, NJ, 07601",2
87,"4 Camden Street, Hackensack, NJ, 07601",2
88,"400 Central Avenue, Hackensack, NJ, 07601",2
89,"400 Hackensack Avenue, Hackensack, NJ, 07601",2
90,"410 Simons Avenue, Hackensack, NJ, 07601",2
91,"411 Simons Avenue, Hackensack, NJ, 07601",2
92,"414 Hackensack Avenue, Hackensack, NJ, 07601",2
93,"43 Maple Avenue, Hackensack, NJ, 07601",2
94,"430 Washington Avenue, Hackensack, NJ, 07601",2
95,"441 Passaic Street, Hackensack, NJ, 07601",2
96,"443 Hudson Street, Hackensack, NJ, 07601",2
97,"45 Essex Street, Hackensack, NJ, 07601",2
98,"45 Linden Street, Hackensack, NJ, 07601",2
99,"450 Hackensack Avenue, Hackensack, NJ, 07601",2
